<?xml version="1.0" encoding="UTF-8"?>
<Configuration>
    <Properties>
        <property name="logging.path">${bundle:application:spring.logging.path}</property>
        <property name="max.size">${bundle:application:spring.logging.max.size}</property>
        <property name="application.name">${bundle:application:spring.application.name}</property>
    </Properties>

    <Appenders>
        <Console name="Console" target="SYSTEM_OUT">
            <PatternLayout pattern="%highlight{%d{HH:mm:ss.SSS} [%t] %-5level %logger{36} - %msg%n}" />
        </Console>

        <RollingFile name="RollingFile" fileName="${logging.path}/${application.name}.log" filePattern="${logging.path}/${application.name}-%d{dd-MMMM-yyyy}-%i.log.gz">
            <PatternLayout pattern="%d{HH:mm:ss.SSS} [%t] %-5level %logger{36} - %msg%n" />
            <Policies>
                <OnStartupTriggeringPolicy />
                <SizeBasedTriggeringPolicy size="${max.size}" />
                <TimeBasedTriggeringPolicy />
            </Policies>
        </RollingFile>
    </Appenders>

    <Loggers>
        <Root level="info">
            <AppenderRef ref="Console" />
        </Root>
        <Logger name="com.gorigeek" level="trace">
            <AppenderRef ref="RollingFile" />
        </Logger>
    </Loggers>
</Configuration>
